{"val/loss": 1.42385094631009, "val/acc": 0.34096264839172363, "val/acc_best": 0.34096264839172363, "epoch": 0, "trainer/global_step": 379, "_timestamp": 1689866726.1831214, "_runtime": 1017.7256164550781, "_step": 0, "_wandb": {"runtime": 1018}}