val/loss,val/acc,val/acc_best,epoch,step,train/loss,train/acc
1.438653166127053,0.3402499854564667,0.3402499854564667,0,312,,
,,,0,312,1.4735898247922952,0.30809998512268066
